{
  "ESAT6": {
    "Negatives": {
      "Means": {
        "Total": 28.25540275049116,
        "ESAT6_Q1": 8.99410609037328,
        "ESAT6_Q2": 5.2043222003929275,
        "ESAT6_Q3": 7.667976424361493,
        "ESAT6_Q4": 6.388998035363458
      },
      "Stds": {
        "Total": 47.471889685578724,
        "ESAT6_Q1": 25.614456053061915,
        "ESAT6_Q2": 10.70439883926961,
        "ESAT6_Q3": 22.56106708607635,
        "ESAT6_Q4": 15.260402311816721
      }
    },
    "Positives": {
      "Means": {
        "Total": 127.72043010752688,
        "ESAT6_Q1": 27.397849462365592,
        "ESAT6_Q2": 32.25089605734767,
        "ESAT6_Q3": 32.702508960573475,
        "ESAT6_Q4": 35.369175627240146
      },
      "Stds": {
        "Total": 111.11890373901134,
        "ESAT6_Q1": 35.55838438954338,
        "ESAT6_Q2": 35.42356434726322,
        "ESAT6_Q3": 37.420049460097495,
        "ESAT6_Q4": 42.471106340409776
      }
    }
  },
  "CFP10": {
    "Negatives": {
      "Means": {
        "Total": 26.606361829025843,
        "CFP10_Q1": 8.111332007952287,
        "CFP10_Q2": 7.369781312127237,
        "CFP10_Q3": 7.009940357852883,
        "CFP10_Q4": 4.11530815109344
      },
      "Stds": {
        "Total": 42.70588890884147,
        "CFP10_Q1": 14.867124980786766,
        "CFP10_Q2": 20.32481363150152,
        "CFP10_Q3": 16.674344530873963,
        "CFP10_Q4": 10.085620718298903
      }
    },
    "Positives": {
      "Means": {
        "Total": 151.9543859649123,
        "CFP10_Q1": 35.680701754385964,
        "CFP10_Q2": 42.59298245614035,
        "CFP10_Q3": 36.873684210526314,
        "CFP10_Q4": 36.80701754385965
      },
      "Stds": {
        "Total": 129.23338979843476,
        "CFP10_Q1": 43.21156371785713,
        "CFP10_Q2": 48.46513143142384,
        "CFP10_Q3": 39.0114398458143,
        "CFP10_Q4": 38.22203414579933
      }
    }
  },
  "RV1681": {
    "Negatives": {
      "Means": {
        "Total": 22.588469184890656,
        "RV1681_Q1": 5.769383697813121,
        "RV1681_Q2": 8.57455268389662,
        "RV1681_Q3": 4.709741550695825,
        "RV1681_Q4": 3.5347912524850895
      },
      "Stds": {
        "Total": 35.67711032912829,
        "RV1681_Q1": 10.891098791506193,
        "RV1681_Q2": 24.464990608760868,
        "RV1681_Q3": 16.617780897729443,
        "RV1681_Q4": 9.513372968888723
      }
    },
    "Positives": {
      "Means": {
        "Total": 106.49122807017544,
        "RV1681_Q1": 24.094736842105263,
        "RV1681_Q2": 25.378947368421052,
        "RV1681_Q3": 26.59298245614035,
        "RV1681_Q4": 30.424561403508772
      },
      "Stds": {
        "Total": 79.0174082279595,
        "RV1681_Q1": 25.478825930430546,
        "RV1681_Q2": 25.478454974785066,
        "RV1681_Q3": 31.11760891173188,
        "RV1681_Q4": 40.53209596189171
      }
    }
  }
}